CODE;ENGLISH;FRENCH;GERMAN;POLISH;SPANISH;ITALIAN;SWEDISH;CZECH;HUNGARIAN;DUTCH;PORTUGUESE;RUSSIAN;FINNISH;x
ABA;Beni Abbes;;;;;;;;;;;;;x
ABK;Abcasia;;;;;;;;;;;;;x
ABU;Stati della Tregua;Abu Dhabi;Abu Dhabi;;;;;;;;;;;x
ACA;Acadia;;;;;;;;;;;;;x
ACE;Acre;;;;;;;;;;;;;x
ADO;Andorra;;;;;;;;;;;;;x
ADV;Texas Tedesco;;;;;;;;;;;;;x
ADW;Adamawa;;;;;;;;;;;;;x
AFG;Afghanistan;Afghanistan;Afghanistan;;;;;;;;;;;x
AGC;Angoche;;;;;;;;;;;;;x
AIN;Ainu;;;;;;;;;;;;;x
AKH;Astrachan;;;;;;;;;;;;;x
ALB;Albania;Albanie;Albanien;;;;;;;;;;;x
ALD;Algeria;Algérie;Algerien;;;;;;;;;;;x
ALS;Alsazia;;;;;;;;;;;;;x
ALT;Repubblica dell'Altaj;;;;;;;;;;;;;x
ANB;Anhalt-Bernburg;;;;;;;;;;;;;x
ANG;Angola;;;;;;;;;;;;;x
ANH;Anhalt-Dessau;;;;;;;;;;;;;x
ANK;Anhalt-Köthen;;;;;;;;;;;;;x
ANT;Anatolia;;;;;;;;;;;;;x
AOT;Aotearoa;Aotearoa;Aotearoa;;;;;;;;;;;x
ARA;Arabia;;;;;;;;;;;;;x
ARC;Argentina;;;;;;;;;;;;;x
ARE;Arenberg;;;;;;;;;;;;;x
ARG;Argentina;Argentine;Argentinien;;;;;;;;;;;x
ARM;Armenia;Arménie;Armenien;;;;;;;;;;;x
ARO;Aro;;;;;;;;;;;;;x
ARU;Unione Araba;;;;;;;;;;;;;x
ASH;Ashanti;;;;;;;;;;;;;x
ASM;Assam;;;;;;;;;;;;;x
AST;Australia;Australie;Australien;;;;;;;;;;;x
ASY;Assiria;;;;;;;;;;;;;x
ATB;Sassonia-Altenburg;;;;;;;;;;;;;x
ATC;Confederazione delle Antille;;;;;;;;;;;;;x
ATH;Athos;;;;;;;;;;;;;x
ATJ;Aceh;;;;;;;;;;;;;x
AUS;Austria;Autriche;Österreich;;;;;;;;;;;x
AWA;Awadh;Avadh;Awadh;;;;;;;;;;;x
AWS;Aussa;Awsa;Awsa;;;;;;;;;;;x
AZA;Azande;Azande;Azande;;;;;;;;;;;x
AZB;Azerbaigian;Azerbaïdjan;Aserbaidschan;;;;;;;;;;;x
AZH;Banu 'Anaza;;;;;;;;;;;;;x
BAB;Babilonia;Babylone;Babylon;;;;;;;;;;;x
BAD;Baden;Bade;Baden;;;;;;;;;;;x
BAH;Bahia;;;;;;;;;;;;;x
BAL;Bali;Bali;Bali;;;;;;;;;;;x
BAN;Banato;;;;;;;;;;;;;x
BAS;Bastar;Bastar;Bastar;;;;;;;;;;;x
BAV;Baviera;Bavière;Bayern;;;;;;;;;;;x
BDK;Badakhshan;;;;;;;;;;;;;x
BDN;Hakkari;;;;;;;;;;;;;x
BEL;Belgio;Belgique;Belgien;;;;;;;;;;;x
BEN;Benin;Bénin;Benin;;;;;;;;;;;x
BER;Beroda;Beroda;Beroda;;;;;;;;;;;x
BGN;Bulungan;;;;;;;;;;;;;x
BHM;Bahamas;;;;;;;;;;;;;x
BHO;Bhopal;Bhopal;Bhopal;;;;;;;;;;;x
BHP;Bahawalpur;;;;;;;;;;;;;x
BHR;Bahrain;;;;;;;;;;;;;x
BHT;Bohtan;;;;;;;;;;;;;x
BHU;Bhutan;Bhoutan;Bhutan;;;;;;;;;;;x
BIA;Biafra;;;;;;;;;;;;;x
BIH;Bihar;;;;;;;;;;;;;x
BIK;Bikaner;Bikaner;Bikaner;;;;;;;;;;;x
BIM;Bima;;;;;;;;;;;;;x
BKF;Burkina Faso;;;;;;;;;;;;;x
BKV;Bucovina;;;;;;;;;;;;;x
BLC;Belucistan;;;;;;;;;;;;;x
BLZ;Belize;;;;;;;;;;;;;x
BMD;Bermuda;;;;;;;;;;;;;x
BMK;Mali;;;;;;;;;;;;;x
BNB;Baban;;;;;;;;;;;;;x
BNG;Bengala;;;;;;;;;;;;;x
BNY;Bunyoro;;;;;;;;;;;;;x
BOH;Boemia e Moravia;Bohême-Moravie;Böhmen-Mähren;;;;;;;;;;;x
BOL;Bolivia;Bolivie;Bolivien;;;;;;;;;;;x
BOS;Bosnia ed Erzegovina;Bosnie-Herzégovine;Bosnien-Herzegowina;;;;;;;;;;;x
BRA;Brunswick;Brunswick;Braunschweig;;;;;;;;;;;x
BRB;Barbados;;;;;;;;;;;;;x
BRD;Burundi;;;;;;;;;;;;;x
BRE;Brema;Brême;Bremen;;;;;;;;;;;x
BRM;Baguirmi;;;;;;;;;;;;;x
BRT;Bretagna;;;;;;;;;;;;;x
BRU;Brunei;Brunei;Brunei;;;;;;;;;;;x
BRY;Buriazia;;;;;;;;;;;;;x
BRZ;Brasile;Brésil;Brasilien;;;;;;;;;;;x
BSH;Lesotho;Basotho;Basotho;;;;;;;;;;;x
BSQ;Paese Basco;;;;;;;;;;;;;x
BTL;Bitlis;;;;;;;;;;;;;x
BTN;Buton;;;;;;;;;;;;;x
BUG;Buganda;;;;;;;;;;;;;x
BUH;Buha;;;;;;;;;;;;;x
BUK;Buchara;Boukhara;Buchara;;;;;;;;;;;x
BUL;Bulgaria;Bulgarie;Bulgarien;;;;;;;;;;;x
BUN;Bundelkhand;Bundelkhand;Bundelkhand;;;;;;;;;;;x
BUR;Birmania;Birmanie;Burma;;;;;;;;;;;x
BHY;Buyaha;;;;;;;;;;;;;x
BYE;Bielorussia;;;;;;;;;;;;;x
BYZ;Impero Bizantino;Empire byzantin;Byzantinisches Reich;;;;;;;;;;;x
CAL;California;Californie;Kalifornische Republik;;;;;;;;;;;x
CAM;Cambogia;Cambodge;Kambodscha;;;;;;;;;;;x
CAN;Canada;Canada;Kanada;;;;;;;;;;;x
CAR;Repubblica Centrale Africana;;;;;;;;;;;;;x
CAS;Cascadia;;;;;;;;;;;;;x
CAT;Catalogna;Catalogne;Katalonien;;;;;;;;;;;x
CBH;Cooch Behar;;;;;;;;;;;;;x
CCS;Circassia;;;;;;;;;;;;;x
CGO;Congo;;;;;;;;;;;;;x
CHD;Ciad;;;;;;;;;;;;;x
CHE;Nazione Cherokee;Cherokee;Cherokee;;;;;;;;;;;x
CHH;Chhatarpur;;;;;;;;;;;;;x
CHI;Cina;;;;;;;;;;;;;x
CHK;Champassak;Champassak;Champassak;;;;;;;;;;;x
CHL;Cile;Chili;Chile;;;;;;;;;;;x
CHO;Chugoku;;;;;;;;;;;;;x
CHP;Chiapas;;;;;;;;;;;;;x
CHY;Cecenia;;;;;;;;;;;;;x
CIR;Circassia;;;;;;;;;;;;;x
CIV;Smantellamento Industriale;;;;;;;;;;;;;x
CLA;Calabar;Calabar;Calabar;;;;;;;;;;;x
CLC;Cilicia;;;;;;;;;;;;;x
CLM;Colombia;Colombie;Kolumbien;;;;;;;;;;;x
CMC;Nazione Comanche;;;;;;;;;;;;;x
CMR;Camerun;;;;;;;;;;;;;x
CMS;Comore;;;;;;;;;;;;;x
CNG;Stato Libero del Congo;;;;;;;;;;;;;x
COB;Sassonia-Coburgo-Gotha;Saxe-Cobourg-Gotha;Sachsen-Coburg-Gotha;;;;;;;;;;;x
COC;Cochin;;;;;;;;;;;;;x
COL;Columbia;Colombie;Kolumbien;;;;;;;;;;;x
COS;Costa Rica;Costa Rica;Costa Rica;;;;;;;;;;;x
COU;Curlandia;;;;;;;;;;;;;x
CPL;Regno del Congresso;Royaume du Congres;Kongresspolen;;;;;;;;;;;x
CRB;Federazione dei Caraibi;;;;;;;;;;;;;x
CRE;Creta;Crète;Kreta;;;;;;;;;;;x
CRI;Crimea;Crimée;Krim;;;;;;;;;;;x
CRL;Chitral;;;;;;;;;;;;;x
CRO;Croazia;Croatie;Kroatien;;;;;;;;;;;x
CRS;Corsica;;;;;;;;;;;;;x
CRT;Corrientes;;;;;;;;;;;;;x
CSA;Stati Confederati d'America;;;;;;;;;;;;;x
CUB;Cuba;Cuba;Kuba;;;;;;;;;;;x
CUO;Couto Misto;;;;;;;;;;;;;x
CYP;Cipro;Chypre;Zypern;;;;;;;;;;;x
CYR;Cirenaica;;;;;;;;;;;;;x
CZH;Cecoslovacchia;Tchécoslovaquie;Tschechoslowakei;;;;;;;;;;;x
D01;Regno di $REGION$;;Das Königreich von $REGION$;;;;;;;;;;;x
D02;Confederazione di $REGION$;;Die Konföderation von $REGION$;;;;;;;;;;;x
D03;Confederazione di $REGION$;;Commonwealth von $REGION$;;;;;;;;;;;x
D04;Republica di $REGION$;;Die Republik von $REGION$;;;;;;;;;;;x
D05;Stato Libero di $REGION$;;Der $REGION$-Staat;;;;;;;;;;;x
D06;Repubblica Popolare di $REGION$;;Die Volksrepublik von $REGION$;;;;;;;;;;;x
D07;Stato Libero di $REGION$;;Der Freistaat von $REGION$;;;;;;;;;;;x
D08;Grande Stato di $REGION$;;Der Großstaat von $REGION$;;;;;;;;;;;x
D09;Stato di $REGION$;;Der Staat von $REGION$;;;;;;;;;;;x
D10;Principato di $REGION$;;Das Fürstentum von $REGION$;;;;;;;;;;;x
D11;Repubblica Democratica di $REGION$;;Die Demokratische Republik von $REGION$;;;;;;;;;;;x
D12;Unione di $REGION$;;Die $REGION$-Union;;;;;;;;;;;x
D13;Regno di $REGION$;;Das $REGION$-Königreich;;;;;;;;;;;x
D14;Dominio di $REGION$;;Das Dominion von $REGION$;;;;;;;;;;;x
D15;Grand Duchy of $REGION$;;Das Großherzogtum von $REGION$;;;;;;;;;;;x
D16;Confederazione di $REGION$;;Die $REGION$-Nation;;;;;;;;;;;x
D17;Federazione di $REGION$;;Die $REGION$-Föderation;;;;;;;;;;;x
D18;Stati Uniti di $REGION$;;Die Vereinigten Staaten von $REGION$;;;;;;;;;;;x
D19;Unione di $REGION$;;Die Demokratische Union von $REGION$;;;;;;;;;;;x
D20;Principato di $REGION$;;Das Fürstentum von $REGION$;;;;;;;;;;;x
D21;Unione di $REGION$;;Die Union von $REGION$;;;;;;;;;;;x
D22;Repubblica Popolare Democratica di $REGION$;;Die Demokratische Volksrepublik von $REGION$;;;;;;;;;;;x
D23;$REGION$ Area;;Das $REGION$-Gebiet;;;;;;;;;;;x
D24;Gloriosa Unione di $REGION$;;Die Glorreiche Union von $REGION$;;;;;;;;;;;x
D25;Glorioso Stato di $REGION$;;Das mächtige Gebiet von $REGION$;;;;;;;;;;;x
D26;Stato Libero di $REGION$;;Der $REGION$-Freistaat;;;;;;;;;;;x
D27;Confederazione di $REGION$;;$REGION$-Commonwealth;;;;;;;;;;;x
D28;Confederazione di $REGION$;;Die $REGION$-Konföderation;;;;;;;;;;;x
D29;Popolo libero di $REGION$;;Das Freie Volk von $REGION$;;;;;;;;;;;x
D30;Repubblica di $REGION$;;Die $REGION$-Republik;;;;;;;;;;;x
D31;Santa Unione di $REGION$;;Die Heilige Union von $REGION$;;;;;;;;;;;x
D32;Unione di $REGION$;;Die Volks-Union von $REGION$;;;;;;;;;;;x
D33;Federazione di $REGION$;;Die Föderationsstaaten von $REGION$;;;;;;;;;;;x
D34;Stati Federali di $REGION$;;Der $REGION$-Föderationsstaat;;;;;;;;;;;x
D35;Confederazione di $REGION$;;Die $REGION$-Konföderation;;;;;;;;;;;x
D36;Federazione di $REGION$;;Die $REGION$-Föderation;;;;;;;;;;;x
D37;Pia Unione di $REGION$;;Die Fromme Union von $REGION$;;;;;;;;;;;x
D38;$REGION$landia;;$REGION$-Land;;;;;;;;;;;x
D39;Serenissima Repubblica di $REGION$;;Die Republik der Ruhe von $REGION$;;;;;;;;;;;x
D40;Regno Segreto di $REGION$;;Das Geheime Königreich von $REGION$;;;;;;;;;;;x
D41;Comune di $REGION$;;Die Kommune von $REGION$;;;;;;;;;;;x
D42;Comune di $REGION$;;Die $REGION$-Kommune;;;;;;;;;;;x
D43;Unione dei Lavoratori di $REGION$;;Die Arbeiter-Union von $REGION$;;;;;;;;;;;x
D44;Langraviato di $REGION$;;Die Landgrafschaft von $REGION$;;;;;;;;;;;x
D45;Nazione di $REGION$;;Die Nation von $REGION$;;;;;;;;;;;x
D46;Santa Nazione di $REGION$;;Die Heilige Region von $REGION$;;;;;;;;;;;x
D47;Dominio di $REGION$;;Das $REGION$-Dominion;;;;;;;;;;;x
D48;Stato Popolare di $REGION$;;Der Volksstaat von $REGION$;;;;;;;;;;;x
D49;Regno Supremo di $REGION$;;Das Hohe Königreich von $REGION$;;;;;;;;;;;x
D50;Ducato Minore di $REGION$;;Das Kleinere Fürstentum von $REGION$;;;;;;;;;;;x
DAG;Daghestan;;;;;;;;;;;;;x
DAH;Dahomey;;;;;;;;;;;;;x
DAI;Dai Nam;Dai Nam;Dai Nam;;;;;;;;;;;x
DAK;Nazione Sioux;;;;;;;;;;;;;x
DAM;Damagaram;;;;;;;;;;;;;x
DAR;Darfur;;;;;;;;;;;;;x
DEN;Danimarca;Danemark;Dänemark;;;;;;;;;;;x
DES;Deseret;Deseret;Dischret;;;;;;;;;;;x
DJA;Jambi;;;;;;;;;;;;;x
DLM;Dalmazia;;;;;;;;;;;;;x
DNB;Federazione del Danubio;;;;;;;;;;;;;x
DND;Dendi;;;;;;;;;;;;;x
DOM;Repubblica Dominicana;République dominicaine;Dominikanische Republik;;;;;;;;;;;x
DON;Repubblica Cosacca;;;;;;;;;;;;;x
DRA;Dravidistan;;;;;;;;;;;;;x
DRU;Gebel Druso;;;;;;;;;;;;;x
DUR;Pashtunistan;;;;;;;;;;;;;x
DZG;Danzica;Dantzig;Danzig;;;;;;;;;;;x
ECU;Ecuador;Équateur;Ekuador;;;;;;;;;;;x
EGY;Egitto;Égypte;Ägypten;;;;;;;;;;;x
EIC;Compagnia delle Indie Orientali;;;;;;;;;;;;;x
ELS;El Salvador;Salvador;El Salvador;;;;;;;;;;;x
ENG;Regno Unito;Angleterre;Großbritannien;;;;;;;;;;;x
ENL;Inghilterra;;;;;;;;;;;;;x
ENT;Entre Rios;;;;;;;;;;;;;x
EQG;Guinea Equatoriale;;;;;;;;;;;;;x
EST;Estonia;Estonie;Estland;;;;;;;;;;;x
ETH;Abissinia;Abyssinie;Abessinien;;;;;;;;;;;x
EZO;Ezo;;;;;;;;;;;;;x
FDL;Fadhli;;;;;;;;;;;;;x
FIJ;Figi;Fiji;Fiji;;;;;;;;;;;x
FIL;Stato Filibustiere;;;;;;;;;;;;;x
FIN;Finlandia;Finlande;Finnland;;;;;;;;;;;x
FIU;Fiume;Fiume;Fiume;;;;;;;;;;;x
FJN;Fujian;;;;;;;;;;;;;x
FLA;Fiandre;Flandres;Flandern;;;;;;;;;;;x
FRA;Francia;France;Frankreich;;;;;;;;;;;x
FRI;Frisia;;;;;;;;;;;;;x
FRM;Francoforte sul Meno;Francfort;Frankfurt am Main;;;;;;;;;;;x
FRO;Isole Faroe;;;;;;;;;;;;;x
FSA;Stati Liberi d'America;;;;;;;;;;;;;x
GAB;Gabon;;;;;;;;;;;;;x
GAZ;Gaza;;;;;;;;;;;;;x
GBU;Impero Kaabu;;;;;;;;;;;;;x
GCF;Germania;Der Deutsche Bund;Der Deutsche Bund;;;;;;;;;;;x
GCO;Grande Colombia;;;;;;;;;;;;;x
GDL;Guadalupa;;;;;;;;;;;;;x
GEL;Gheledi;;;;;;;;;;;;;x
GEN;Genova;;;;;;;;;;;;;x
GEO;Georgia;Géorgie;Georgien;;;;;;;;;;;x
GER;Germania;Allemagne;Deutschland;;;;;;;;;;;x
GHN;Ghana;;;;;;;;;;;;;x
GLC;Galizia;;;;;;;;;;;;;x
GLN;Gilan;;;;;;;;;;;;;x
GLM;Galizia e Lodomiria;Galicie-Lodomerie;Galizien-Lodomerien;;;;;;;;;;;x
GMB;Gambia;;;;;;;;;;;;;x
GMJ;Guominjun;;;;;;;;;;;;;x
GNE;Guinea;;;;;;;;;;;;;x
GNG;Guangdong;;;;;;;;;;;;;x
GON;Gondar;Gonder;Gonder;;;;;;;;;;;x
GRE;Grecia;Grèce;Griechenland;;;;;;;;;;;x
GRH;Garhwal;;;;;;;;;;;;;x
GRN;Groenlandia;;;;;;;;;;;;;x
GUA;Guatemala;Guatemala;Guatemala;;;;;;;;;;;x
GUI;Guizhou;;;;;;;;;;;;;x
GUY;Guyana;;;;;;;;;;;;;x
GWA;Gwalior;Gwalior;Gwalior;;;;;;;;;;;x
GXI;Cricca del Guangxi;Clique de Guangxi;Guangxi-Clique;;;;;;;;;;;x
HAI;Haiti;;;;;;;;;;;;;x
HAL;Ha’il;;;;;;;;;;;;;x
HAM;Amburgo;Hambourg;Hamburg;;;;;;;;;;;x
HAN;Hannover;Hanovre;Hannover;;;;;;;;;;;x
HAR;Wollo;Wollo;Wollo;;;;;;;;;;;x
HAW;Hawaii;Hawaii;Hawaii;;;;;;;;;;;x
HBY;Obbia;;;;;;;;;;;;;x
HDJ;Hegiaz;Hedjaz;Hedjaz;;;;;;;;;;;x
HDU;Hindustan;;;;;;;;;;;;;x
HEH;Assia-Homburg;;;;;;;;;;;;;x
HEK;Assia-Kassel;Hesse-Cassel;Hessen-Kassel;;;;;;;;;;;x
HES;Assia-Darmstadt;Hesse-Darmstadt;Hessen-Darmstadt;;;;;;;;;;;x
HGL;Helgoland;;;;;;;;;;;;;x
HND;India;Inde;Indien;;;;;;;;;;;x
HNN;Hunan;;;;;;;;;;;;;x
HNS;Lega Anseatica;;;;;;;;;;;;;x
HOH;Hohenzollern-Hechingen;;;;;;;;;;;;;x
HOL;Holstein;Holstein;Holstein;;;;;;;;;;;x
HON;Honduras;Honduras;Honduras;;;;;;;;;;;x
HQJ;Heiqi Jun;;;;;;;;;;;;;x
HRT;Herat;;;;;;;;;;;;;x
HTY;Turkmeneli;;;;;;;;;;;;;x
HUI;Anhui;;;;;;;;;;;;;x
HUN;Ungheria;Hongrie;Ungarn;;;;;;;;;;;x
HYD;Hyderabad;Hyderabad;Haiderabad;;;;;;;;;;;x
IBR;Iberia;;;;;;;;;;;;;x
ICL;Islanda;Islande;Island;;;;;;;;;;;x
IDO;Indocina;;;;;;;;;;;;;x
IMG;Mengjiang;;;;;;;;;;;;;x
IND;Indore;Indore;Indore;;;;;;;;;;;x
INO;Indonesia;Indonésie;Indonesien;;;;;;;;;;;x
ION;Isole Ionie;Îles Ioniennes;Ionische Inseln;;;;;;;;;;;x
IOT;Isole Chagos;;;;;;;;;;;;;x
IRE;Irlanda;Irlande;Irland;;;;;;;;;;;x
IRQ;Iraq;Iraq;Irak;;;;;;;;;;;x
ISR;Israele;Israël;Israel;;;;;;;;;;;x
ITA;Italia;Italie;Italien;;;;;;;;;;;x
ITP;Italia;;;;;;;;;;;;;x
ITS;Italia;;;;;;;;;;;;;x
IVC;Costa d'Avorio;;;;;;;;;;;;;x
IZH;Ingria;;;;;;;;;;;;;x
JAI;Jaipur;Jaipur;Jaipur;;;;;;;;;;;x
JAL;Futa Jalon;;;;;;;;;;;;;x
JAM;Giamaica;Jamaïque;Jamaica;;;;;;;;;;;x
JAN;Jan Mayen;Jan Mayen;Jan Mayen;;;;;;;;;;;x
JAP;Giappone;Japon;Japan;;;;;;;;;;;x
JAS;Jaisalmer;Jaisalmer;Jaisalmer;;;;;;;;;;;x
JAV;Giava;Java;Java;;;;;;;;;;;x
JEY;Jeypur;;;;;;;;;;;;;x
JOD;Jodhpur;Jodhpur;Jodhpur;;;;;;;;;;;x
JOH;Johor;;;;;;;;;;;;;x
JOR;Giordania;;;;;;;;;;;;;x
JUN;Junagadh;;;;;;;;;;;;;x
KAF;Caffa;Kaffa;Kaffa;;;;;;;;;;;x
KAG;Ishikawa;;;;;;;;;;;;;x
KAL;Kalat;Kalat;Kalat;;;;;;;;;;;x
KAM;Camciatca;;;;;;;;;;;;;x
KAR;Karen;;;;;;;;;;;;;x
KAS;Kashmir;Cachemire;Kaschmir;;;;;;;;;;;x
KAZ;Kazakistan;;;;;;;;;;;;;x
KBO;Kanem-Bornu;Kanem-Bornu;Kanem-Bornu;;;;;;;;;;;x
KCH;Kachin;;;;;;;;;;;;;x
KDS;Kurdistan;;;;;;;;;;;;;x
KGW;Karagwe;;;;;;;;;;;;;x
KHA;Stati Khasi;;;;;;;;;;;;;x
KHB;Kharan;;;;;;;;;;;;;x
KHI;Khiva;Khiva;Khiva;;;;;;;;;;;x
KHP;Khairpur;;;;;;;;;;;;;x
KHR;Khorasan;Khorasan;Khorasan;;;;;;;;;;;x
KHZ;Arabistan;Arabistan;Arabistan;;;;;;;;;;;x
KLM;Kalimantan;;;;;;;;;;;;;x
KMK;Calmucchia;;;;;;;;;;;;;x
KML;Khanato Kumul;;;;;;;;;;;;;x
KMT;Cina Nazionalista;;;;;;;;;;;;;x
KNG;Wattara;Ouattara;Wattara;;;;;;;;;;;x
KNP;Signoria di In- e Kniphausen;;;;;;;;;;;;;x
KNY;Kenya;;;;;;;;;;;;;x
KOK;Kokand;Kokand;Kokand;;;;;;;;;;;x
KON;Congo;;;;;;;;;;;;;x
KOR;Corea;;;;;;;;;;;;;x
KOT;Kota;;;;;;;;;;;;;x
KPB;Portogallo-Brasile;Portugal-Brazil;Portugal-Brazil;;;;;;;;;;;x
KRA;Cracovia;Cracovie;Krakau;;;;;;;;;;;x
KRL;Carelia;;;;;;;;;;;;;x
KRN;Karnatak;;;;;;;;;;;;;x
KRO;Kronprinzinsel;;;;;;;;;;;;;x
KTH;Kathiri;;;;;;;;;;;;;x
KTI;Kutai;;;;;;;;;;;;;x
KUB;Kuba;Kuba;Kuba;;;;;;;;;;;x
KUK;Austria-Ungheria;Autriche-Hongrie;Österreich-Ungarn;;;;;;;;;;;x
KUN;Konduz;;;;;;;;;;;;;x
KUT;Kutch;Kutch;Kutch;;;;;;;;;;;x
KWT;Kuwait;;;;;;;;;;;;;x
KYR;Kirghizistan;;;;;;;;;;;;;x
KZB;Kazembe;Kazembe;Kazembe;;;;;;;;;;;x
LAD;Ladakh;Ladakh;Ladakh;;;;;;;;;;;x
LAN;Lanfang;;;;;;;;;;;;;x
LAS;Las Bela;;;;;;;;;;;;;x
LAT;Lettonia;Lettonie;Lettland;;;;;;;;;;;x
LAU;Sassonia-Lauenburg;;;;;;;;;;;;;x
LBA;Luba;;;;;;;;;;;;;x
LBG;Limburgo;;;;;;;;;;;;;x
LBN;Lebano;;;;;;;;;;;;;x
LBY;Libia;;;;;;;;;;;;;x
LEG;Tientsin;;;;;;;;;;;;;x
LHJ;Lahej;;;;;;;;;;;;;x
LIB;Liberia;Libéria;Liberia;;;;;;;;;;;x
LIE;Liechtenstein;;;;;;;;;;;;;x
LIM;Limburgo;;;;;;;;;;;;;x
LIP;Lippe-Detmold;Lippe-Detmold;Lippe-Detmold;;;;;;;;;;;x
LIT;Lituania;Lituanie;Litauen;;;;;;;;;;;x
LIV;Livonia;;;;;;;;;;;;;x
LOA;Loango;;;;;;;;;;;;;x
LOM;Lombardia;Lombardie;Lombardei;;;;;;;;;;;x
LOR;Lorena;;;;;;;;;;;;;x
LOS;Los Altos;;;;;;;;;;;;;x
LPL;Province Unite;;;;;;;;;;;;;x
LSK;Alaska;;;;;;;;;;;;;x
LUA;Luang Prabang;Luang Prabang;Luang Prabang;;;;;;;;;;;x
LUB;Lubecca;Lübeck;Lübeck;;;;;;;;;;;x
LUC;Lucca;Lucques;Lucca;;;;;;;;;;;x
LUN;Lunda;Lunda;Lunda;;;;;;;;;;;x
LUW;Luwu;;;;;;;;;;;;;x
LUX;Lussemburgo;Luxembourg;Luxemburg;;;;;;;;;;;x
LUZ;Lusazia;;;;;;;;;;;;;x
LVN;Lombardo-Veneto;;;;;;;;;;;;;x
LXA;Laos;Lan Xang;LanXang;;;;;;;;;;;x
MAD;Madagascar;Madagascar;Madagaskar;;;;;;;;;;;x
MAF;Mittelafrika;;;;;;;;;;;;;x
MAH;Maharashtra;;;;;;;;;;;;;x
MAJ;Migiurtinia;;;;;;;;;;;;;x
MAK;Makran;Makran;Makran;;;;;;;;;;;x
MAL;Molucche;;;;;;;;;;;;;x
MAN;New York;;Manhattan-Kommune;;;;;;;;;;;x
MAS;Massina;Macina;Massina;;;;;;;;;;;x
MAT;Matabele;Matabele;Matabele;;;;;;;;;;;x
MAU;Maurizio;;;;;;;;;;;;;x
MCD;Macedonia;;;;;;;;;;;;;x
MCK;Manciuria;;;;;;;;;;;;;x
MDR;Madera;;;;;;;;;;;;;x
MDV;Moldova;;;;;;;;;;;;;x
MEC;Meclemburgo-Schwerin;Mecklenbourg;Mecklenburg;;;;;;;;;;;x
MEI;Sassonia-Meiningen;Saxe-Meiningen;Sachsen-Meiningen;;;;;;;;;;;x
MEW;Mewar;Mewar;Mewar;;;;;;;;;;;x
MEX;Messico;Mexique;Mexiko;;;;;;;;;;;x
MGH;Maghreb;;;;;;;;;;;;;x
MGL;Mongolia;Mongolie;Mongolei;;;;;;;;;;;x
MHR;Mahra;;;;;;;;;;;;;x
MIG;Mingrelia;;;;;;;;;;;;;x
MIZ;Mizoram;;;;;;;;;;;;;x
MJG;Mengjiang;;;;;;;;;;;;;x
MKN;Mukriyan;;;;;;;;;;;;;x
MLD;Maldive;;;;;;;;;;;;;x
MLI;Mali;;;;;;;;;;;;;x
MLT;Malta;;;;;;;;;;;;;x
MLW;Malawi;;;;;;;;;;;;;x
MLY;Malesia;;;;;;;;;;;;;x
MNC;Monaco;Monaco;Monaco;;;;;;;;;;;x
MNG;Mongo;Mongo;Mongo;;;;;;;;;;;x
MNP;Manipur;;;;;;;;;;;;;x
MOD;Modena;Modène;Modena;;;;;;;;;;;x
MOL;Moldavia;Moldavie;Moldawien;;;;;;;;;;;x
MON;Montenegro;Monténégro;Montenegro;;;;;;;;;;;x
MOR;Marocco;Maroc;Marokko;;;;;;;;;;;x
MOS;Mossi;Mossi;Mossi;;;;;;;;;;;x
MOZ;Mozambico;;;;;;;;;;;;;x
MRN;Moresnet;;;;;;;;;;;;;x
MRT;Maratha;;;;;;;;;;;;;x
MRU;Unione Marittima;;;;;;;;;;;;;x
MSC;Nazione Seminole;;;;;;;;;;;;;x
MSK;Costa dei Mosquito;;;;;;;;;;;;;x
MSS;Samo;;;;;;;;;;;;;x
MST;Meclemburgo-Strelitz;;;;;;;;;;;;;x
MTC;Confederazione Metis;Confédération métisse;Metis-Konföderation;;;;;;;;;;;x
MTQ;Martinica;;;;;;;;;;;;;x
MUG;Moghul;Mogholistan;Mughalistan;;;;;;;;;;;x
MYA;Maya;;;;;;;;;;;;;x
MYS;Mysore;Mysore;Mysore;;;;;;;;;;;x
NAF;Nuova Africa;New Africa;New Africa;;;;;;;;;;;x
NAG;Nagpur;Nagpur;Nagpur;;;;;;;;;;;x
NAL;Natalia;Natal;Natal;;;;;;;;;;;x
NAN;Antille Olandesi;;;;;;;;;;;;;x
NAS;Nassau;Nassau;Nassau;;;;;;;;;;;x
NBR;Nuovo Brunswick;Terre-Neuve;Neufundland;;;;;;;;;;;x
NCT;Neuchatel;;;;;;;;;;;;;x
NEJ;Najd;Nejd;Nejd;;;;;;;;;;;x
NEN;Nuova Inghilterra;Nouvelle-Angleterre;Neuengland;;;;;;;;;;;x
NEP;Nepal;Népal;Nepal;;;;;;;;;;;x
NET;Paesi Bassi;Pays-Bas;Niederlande;;;;;;;;;;;x
NEW;Terranova;Terre-Neuve;Neufundland;;;;;;;;;;;x
NGA;Nagalim;;;;;;;;;;;;;x
NGF;Confederazione Tedesca del Nord;Confédération de l'Allemagne du Nord;Norddeutscher Bund;;;;;;;;;;;x
NGR;Nigeria;;;;;;;;;;;;;x
NIA;Nianjun;;;;;;;;;;;;;x
NIC;Nicaragua;Nicaragua;Nicaragua;;;;;;;;;;;x
NIG;Niger;;;;;;;;;;;;;x
NKO;Nkore;;;;;;;;;;;;;x
NMB;Namibia;;;;;;;;;;;;;x
NOR;Norvegia;Norvège;Norwegen;;;;;;;;;;;x
NPL;Napoli;Naples;Naples;;;;;;;;;;;x
NRM;Normandia;;;;;;;;;;;;;x
NSC;Nuova Scozia;;;;;;;;;;;;;x
NYE;Yemen del Nord;;;;;;;;;;;;;x
NZL;Nuova Zelanda;Nouvelle-Zélande;Neuseeland;;;;;;;;;;;x
OAX;Oaxaca;;;;;;;;;;;;;x
OCC;Occitania;Occitanie;Occitania;;;;;;;;;;;x
OLD;Oldenburg;Oldenbourg;Oldenburg;;;;;;;;;;;x
OMA;Oman;Oman;Oman;;;;;;;;;;;x
ORA;Orange;Orange;Oranje;;;;;;;;;;;x
ORI;Orissa;Orissa;Orissa;;;;;;;;;;;x
OYO;Oyo;;;;;;;;;;;;;x
PAC;Comune di Parigi;Paris Commune;Paris Commune;;;;;;;;;;;x
PAK;Pakistan;;;;;;;;;;;;;x
PAL;Palanpur;;;;;;;;;;;;;x
PAP;Stato della Chiesa;;;;;;;;;;;;;x
PAR;Parma;Parme;Parma;;;;;;;;;;;x
PAT;Patani;;;;;;;;;;;;;x
PBC;Perù-Bolivia;;;;;;;;;;;;;x
PEI;Isola del Principe Edoardo;;;;;;;;;;;;;x
PER;Persia;Perse;Persien;;;;;;;;;;;x
PEU;Perù;Pérou;Peru;;;;;;;;;;;x
PGG;Pingnan Guo;;;;;;;;;;;;;x
PHG;Pahang;;;;;;;;;;;;;x
PHL;Filippine;Philippines;Philippinen;;;;;;;;;;;x
PIT;Pitu Ba’bana Binanga;;;;;;;;;;;;;x
PLC;Confederazione Polacco-Lituana;Pologne-Lituanie;Polen-Litauen;;;;;;;;;;;x
PLS;Palestina;;;;;;;;;;;;;x
PML;Pomerelia;;;;;;;;;;;;;x
PNB;Pernambuco;;;;;;;;;;;;;x
PNJ;Punjab;Pendjab;Pandschab;;;;;;;;;;;x
PNM;Panama;Panama;Panama;;;;;;;;;;;x
PNT;Ponto;;;;;;;;;;;;;x
POL;Polonia;Pologne;Polen;;;;;;;;;;;x
PON;Ponto;Pontus;Pontus;;;;;;;;;;;x
POR;Portogallo;Portugal;Portugal;;;;;;;;;;;x
PPG;Papua Nuova Guinea;;;;;;;;;;;;;x
PRG;Paraguay;Paraguay;Paraguay;;;;;;;;;;;x
PRI;Porto Rico;Puerto Rico;Puerto Rico;;;;;;;;;;;x
PRK;Perak;;;;;;;;;;;;;x
PRU;Prussia;Prusse;Preußen;;;;;;;;;;;x
PTG;Patagonia;;;;;;;;;;;;;x
PTK;Pontianak;;;;;;;;;;;;;x
PTL;Patiala;;;;;;;;;;;;;x
PZN;Poznan;Poznan;Poznan;;;;;;;;;;;x
QAT;Qatar;;;;;;;;;;;;;x
QCI;Isole Regina Carlotta;;;;;;;;;;;;;x
QNG;Qing;;;;;;;;;;;;;x
QUE;Quebec;Québec;Quebec;;;;;;;;;;;x
RAJ;Rajputana;;;;;;;;;;;;;x
RDL;Ardalan;;;;;;;;;;;;;x
REB;Ribelli;Partisans;Partisanen;;;;;;;;;;;x
REU;Reuss Linea Cadetta;;;;;;;;;;;;;x
REW;Rewah;;;;;;;;;;;;;x
RGA;Beylik di Constantine;;;;;;;;;;;;;x
RGR;Rio Grande;;;;;;;;;;;;;x
RGS;Rio Grande do Sul;;;;;;;;;;;;;x
RHI;Renania;Rhénanie;Rheinland;;;;;;;;;;;x
RHO;Rodesia Meridionale;Rhodésie du sud;Südrhodesien;;;;;;;;;;;x
RIA;Lingga-Riau;;;;;;;;;;;;;x
RJK;Rajkot;;;;;;;;;;;;;x
RLE;Reuss-Lobenstein-Ebersdorf;;;;;;;;;;;;;x
RMG;Romagna;;;;;;;;;;;;;x
ROM;Romania;Roumanie;Rumänien;;;;;;;;;;;x
RPL;Terra di Rupert;Assiniboia;;;;;;;;;;;;x
RSR;Reuss-Greiz;;;;;;;;;;;;;x
RUM;Rumelia Orientale;;;;;;;;;;;;;x
RUS;Russia;Russie;Russland;;;;;;;;;;;x
RUT;Rutenia;Ruthénie;Ruthenien;;;;;;;;;;;x
RWA;Ruanda;;;;;;;;;;;;;x
RYU;Ryukyu;;;;;;;;;;;;;x
SAA;Saarland;Sarre;Saarland;;;;;;;;;;;x
SAF;Sudafrica;Afrique du Sud;Südafrika;;;;;;;;;;;x
SAK;Siak;;;;;;;;;;;;;x
SAM;Principato di Samo;;;;;;;;;;;;;x
SAR;Piemonte-Sardegna;Piémont-Sardaigne;Sardinien-Piemont;;;;;;;;;;;x
SAT;Kyushu;;;;;;;;;;;;;x
SAX;Sassonia;Saxe;Sachsen;;;;;;;;;;;x
SBA;Buenos Aires;;;;;;;;;;;;;x
SBS;Sambas;;;;;;;;;;;;;x
SCA;Scandinavia;Scandinavie;Skandinavien;;;;;;;;;;;x
SCH;Schleswig;Slesvig;Schleswig;;;;;;;;;;;x
SCL;Schaumburg-Lippe;;;;;;;;;;;;;x
SCO;Scozia;Écosse;Schottland;;;;;;;;;;;x
SDB;Sonderbund;;;;;;;;;;;;;x
SEG;Segu;;;;;;;;;;;;;x
SEN;Tohoku;;;;;;;;;;;;;x
SER;Serbia;Serbie;Serbien;;;;;;;;;;;x
SEY;Seychelles;;;;;;;;;;;;;x
SGF;Confederazione Tedesca del Sud;États de l'Allemagne du Sud;Süddeutscher Bund;;;;;;;;;;;x
SGM;Hohenzollern-Sigmaringen;;;;;;;;;;;;;x
SGP;Singapore;;;;;;;;;;;;;x
SHA;Shan;;;;;;;;;;;;;x
SHI;Shimla;Shimla;Shimla;;;;;;;;;;;x
SHK;Shilluc;;;;;;;;;;;;;x
SHO;Shona;Shona;Shona;;;;;;;;;;;x
SHW;Scioa;Shewa;Shewa;;;;;;;;;;;x
SIA;Siam;Siam;Siam;;;;;;;;;;;x
SIB;Repubblica di Siberia;;;;;;;;;;;;;x
SIC;Due Sicilie;Deux-Siciles;Bd Sizilien;;;;;;;;;;;x
SID;Sidama;Sidama;Sidama;;;;;;;;;;;x
SIE;Transilvania;Transylvanie;Siebenbürgen;;;;;;;;;;;x
SIK;Sikkim;Sikkim;Sikkim;;;;;;;;;;;x
SIN;Sindh;Sindh;Sindh;;;;;;;;;;;x
SLA;Selimbau;;;;;;;;;;;;;x
SLE;Sierra Leone;;;;;;;;;;;;;x
SLG;Selangor;;;;;;;;;;;;;x
SLO;Slovenia;Slovénie;Slowenien;;;;;;;;;;;x
SLS;Silesia;;;;;;;;;;;;;x
SLV;Slovacchia;Slovaquie;Slowakei;;;;;;;;;;;x
SLW;Sulawesi;;;;;;;;;;;;;x
SMO;Samoa;;;;;;;;;;;;;x
SMR;San Marino;;;;;;;;;;;;;x
SNG;Senegal;;;;;;;;;;;;;x
SNZ;Nuovo Munster;New Munster;New Munster;;;;;;;;;;;x
SOK;Sokoto;Sokoto;Sokoto;;;;;;;;;;;x
SOM;Somalia;Somalia;Somalia;;;;;;;;;;;x
SON;Sonora;;;;;;;;;;;;;x
SOV;Unione delle Repubbliche Socialiste Sovietiche;;;;;;;;;;;;;x
SPA;Spagna;Espagne;Spanien;;;;;;;;;;;x
SPC;Spagna;;;;;;;;;;;;;x
SPQ;Impero Romano;;;;;;;;;;;;;x
SPU;Repubblica Sudperuviana;;;;;;;;;;;;;x
SRD;Sardegna;;;;;;;;;;;;;x
SRG;Surguja;;;;;;;;;;;;;x
SRI;Sri Lanka;;;;;;;;;;;;;x
SRN;Soran;;;;;;;;;;;;;x
SRS;Schwarzburg-Rudolstadt;;;;;;;;;;;;;x
STG;Sintang;;;;;;;;;;;;;x
STH;Estland;;;;;;;;;;;;;x
STK;Stikine;;;;;;;;;;;;;x
SUA;Suazi;Suazi;Suazi;;;;;;;;;;;x
SUD;Sudan;;;;;;;;;;;;;x
SUL;Sulu;;;;;;;;;;;;;x
SVA;Svanezia;;;;;;;;;;;;;x
SVY;Savoia;;;;;;;;;;;;;x
SWE;Svezia;Suède;Schweden;;;;;;;;;;;x
SWG;Schwarzburg-Sondershausen;;;;;;;;;;;;;x
SWH;Schleswig-Holstein;;;;;;;;;;;;;x
SWI;Svizzera;Suisse;Schweiz;;;;;;;;;;;x
SWK;Sarawak;;;;;;;;;;;;;x
SXI;Cricca dello Shanxi;Clique de Shanxi;Shanxi-Clique;;;;;;;;;;;x
SYC;Sicilia;;;;;;;;;;;;;x
SYR;Siria;;;;;;;;;;;;;x
SZC;Sichuan;;;;;;;;;;;;;x
TAH;Tahiti;;;;;;;;;;;;;x
TAI;Taiwan;;;;;;;;;;;;;x
TAJ;Tagikistan;;;;;;;;;;;;;x
TAR;Tataria;;;;;;;;;;;;;x
TBS;Tabasco;Tabasco;Tabasco;;;;;;;;;;;x
TCA;Transcaucasia;;;;;;;;;;;;;x
TEX;Texas;Texas;Texas;;;;;;;;;;;x
TGA;Tonga;;;;;;;;;;;;;x
TIB;Tibet;Tibet;Tibet;;;;;;;;;;;x
TIG;Tigrè;Tigray;Tigray;;;;;;;;;;;x
TKG;Shogunato Tokugawa;;;;;;;;;;;;;x
TKM;Turkmenistan;;;;;;;;;;;;;x
TKS;Turchestan;;;;;;;;;;;;;x
TMR;Timor;;;;;;;;;;;;;x
TMT;Tuamotu;;;;;;;;;;;;;x
TNT;Tannu Tuva;;;;;;;;;;;;;x
TNZ;Tanganica;;;;;;;;;;;;;x
TOG;Togo;;;;;;;;;;;;;x
TOO;Futa Toro;;;;;;;;;;;;;x
TOR;Tooro;;;;;;;;;;;;;x
TOS;Shikoku;;;;;;;;;;;;;x
TOU;Impero Tekrur;;;;;;;;;;;;;x
TPG;Regno Celestiale;;;;;;;;;;;;;x
TRA;Travancore;Travancore;Travancore;;;;;;;;;;;x
TRE;Trieste;Trieste;Triest;;;;;;;;;;;x
TRI;Tripoli;Tripoli;Tripolis;;;;;;;;;;;x
TRN;Transvaal;Transvaal;Transvaal;;;;;;;;;;;x
TRP;Tripura;;;;;;;;;;;;;x
TRZ;Trarza;;;;;;;;;;;;;x
TST;Alto Adige;;;;;;;;;;;;;x
TSW;Botswana;Botswana;Botswana;;;;;;;;;;;x
TTB;Trinidad e Tobago;Trinité & Tobago;Trinidad & Tobago;;;;;;;;;;;x
TUG;Touggourt;;;;;;;;;;;;;x
TUN;Tunisia;;;;;;;;;;;;;x
TUR;Turchia;Empire ottoman;Osmanisches Reich;;;;;;;;;;;x
TUS;Toscana;Toscane;Toskana;;;;;;;;;;;x
UBD;Province Baltiche Unite;Provinces baltiques unies;Vereinite Baltische Staaten;;;;;;;;;;;x
UCA;Repubblica Federale dell'America Centrale;Confédération d'Amérique centrale;Zentralamerikanische Konföderation;;;;;;;;;;;x
UCV;Temp. Nazione Non Civilizzata;;;;;;;;;;;;;x
UIL;Nuova Allenza Americana;;;;;;;;;;;;;x
UKR;Ucraina;Ukraine;Ukraine;;;;;;;;;;;x
UKY;Kentucky;;;;;;;;;;;;;x
ULA;Louisiana;;;;;;;;;;;;;x
UNB;Colorado;;;;;;;;;;;;;x
UNM;Nazione Apache;;;;;;;;;;;;;x
UNY;New York;;;;;;;;;;;;x
UOR;Oregon;;;;;;;;;;;;;x
URA;Repubblica degli Urali;;;;;;;;;;;;;x
URM;Urmia;;;;;;;;;;;;;x
URP;Principati Uniti;;;;;;;;;;;;;x
URU;Uruguay;Uruguay;Uruguay;;;;;;;;;;;x
USA;Stati Uniti d'America;États-Unis;USA;;;;;;;;;;;x
USS;Stati Uniti del Sud America;;;;;;;;;;;;;x
UTI;Scambio Territoriale;;;;;;;;;;;;;x
UUW;Ussuwi;;;;;;;;;;;;;x
UVT;Vermont;;;;;;;;;;;;;x
UYG;Uyghuristan;;;;;;;;;;;;;x
UZB;Uzbekistan;;;;;;;;;;;;;x
VAN;Isola di Vancouver;;;;;;;;;;;;;x
VEN;Venezia;Venise;Venedig;;;;;;;;;;;x
VFR;Francia di Vichy;;;;;;;;;;;;;x
VLG;Volgalandia;;;;;;;;;;;;;x
VLK;Repubblica Sudafricana;;;;;;;;;;;;;x
VNZ;Venezuela;Venezuela;Venezuela;;;;;;;;;;;x
VOC;Compagnia Olandese delle Indie Orientali;;;;;;;;;;;;;x
VOJ;Voivodina;;;;;;;;;;;;;x
VTU;Vanuatu;;;;;;;;;;;;;x
WAD;Ouaddai;;;;;;;;;;;;;x
WAL;Valacchia;Valachie;Walachei;;;;;;;;;;;x
WAN;Wanga;;;;;;;;;;;;;x
WEI;Sassonia-Weimar-Eisenach;;;;;;;;;;;;;x
WES;Vestfalia;;;;;;;;;;;;;x
WHA;Galles;;;;;;;;;;;;;x
WIA;Wiang Chhan;Wiang Chan;Wiang Chhan;;;;;;;;;;;x
WIN;Confederazione delle Indie Occidentali;;;;;;;;;;;;;x
WLD;Waldeck-Pyrmont;;;;;;;;;;;;;x
WLL;Vallonia;Wallonie;Wallonien;;;;;;;;;;;x
WOL;Wolof;Djolof;Jolof;;;;;;;;;;;x
WRI;Warri;Warri;Warri;;;;;;;;;;;x
WRL;Uarsangheli;;;;;;;;;;;;;x
WSF;Zapadoslavia;;;;;;;;;;;;;x
WUR;Württemberg;Wurtemberg;Württemberg;;;;;;;;;;;x
XBI;Cricca Ma;Xibei San Ma;Xibei San Ma;;;;;;;;;;;x
XHO;Xhosa;Xhosa;Xhosa;;;;;;;;;;;x
XIN;Cricca dello Xinjiang;Clique de Xinjiang;Xinjiang-Clique;;;;;;;;;;;x
YAK;Jacuzia;;;;;;;;;;;;;x
YEM;Yemen;Yémen;Jemen;;;;;;;;;;;x
YNN;Cricca dello Yunnan;Clique de Yunnan;Yunnan-Clique;;;;;;;;;;;x
YUC;Yucatan;;;;;;;;;;;;;x
YUG;Jugoslavia;Yougoslavie;Jugoslawien;;;;;;;;;;;x
YZW;Yonezawa;;;;;;;;;;;;;x
ZAC;Zacatecas;;;;;;;;;;;;;x
ZAM;Zambia;;;;;;;;;;;;;x
ZAN;Zanzibar;Zanzibar;Sansibar;;;;;;;;;;;x
ZBW;Zimbabwe;;;;;;;;;;;;;x
ZFN;Za’faranlu;;;;;;;;;;;;;x
ZOU;Zoutpansberg;;;;;;;;;;;;;x
ZUL;Zulu;Zoulou;Zulu;;;;;;;;;;;x
